Method 1,Method 2,Pearson r,p-value,MAE,RMSE
Direct_Conv,Direct_Spline,0.9652807896293624,1.5618607302814797e-12,0.008095238095238684,0.01676163419695021
