Method 1,Method 2,Pearson r,p-value,MAE,RMSE
Direct_Conv,Direct_Spline,0.2061193424746338,0.1509760180142502,0.04060000000000004,0.06929646455628204
