Method 1,Method 2,Pearson r,p-value,MAE,RMSE
Direct_Conv,Direct_Spline,0.9959395181016842,3.6683296403656e-18,0.0038888888888884113,0.0062360956446224705
