Method 1,Method 2,Pearson r,p-value,MAE,RMSE
Direct_Conv,Direct_Spline,0.03238379549325426,0.8386733969403667,0.017380952380952688,0.028242150194682968
