Method 1,Method 2,Pearson r,p-value,MAE,RMSE
Direct_Conv,Direct_Spline,0.9612196029316262,8.517190591344607e-10,0.004117647058825636,0.006416889479197831
