Parameter,Mean Difference (MD),Standard Deviation (SD),Upper Limit (MD + 1.96*SD),Lower Limit (MD - 1.96*SD)
SBP,-31.16278598734434,8.665083135315605,-14.179223042125752,-48.14634893256293
DBP,-21.91737159240661,5.199049881189361,-11.727233825275462,-32.10750935953776
