SBP_PPG,DBP_PPG,SBP_PPW,DBP_PPW,SBP_AIx,DBP_AIx
87.5,57.5,87.5,57.5,123.55280923191626,82.13168553914974
88.4,58.2,89.3,58.900000000000006,102.19217668613713,69.31530601168228
82.1,53.3,90.19999999999995,59.59999999999995,103.4338218181334,70.06029309088004
89.29999999999995,58.89999999999997,91.1,60.300000000000004,102.86198787547868,69.7171927252872
91.1,60.300000000000004,75.80000000000001,48.400000000000006,102.34108224440716,69.40464934664429
75.80000000000001,48.400000000000006,94.7,63.10000000000001,117.9035074558851,78.74210447353106
95.6,63.79999999999999,91.1,60.300000000000004,103.84312876968238,70.30587726180943
91.1,60.300000000000004,83.0000000000001,54.00000000000007,102.17185128646048,69.30311077187628
83.90000000000008,54.70000000000006,95.6,63.79999999999999,121.34256074580037,80.80553644748022
