Estimated_SBP_AIx_Red,Estimated_DBP_AIx_Red
138.42691499057636,91.05614899434582
99.17839429963462,67.50703657978076
104.63444904135136,70.78066942481081
98.67523865766644,67.20514319459987
111.83903231627359,75.10341938976416
106.9465936609048,72.16795619654287
108.38268892326022,73.02961335395614
125.60357687464257,83.36214612478554
108.79381156944947,73.27628694166968
95.36106928875543,65.21664157325326
82.96666229839424,57.779997379036544
