Estimated_SBP_AIx_Red,Estimated_DBP_AIx_Red
125.86520567547898,81.76057242029803
95.62671418157039,62.945511046310465
99.49770689301766,65.35412873343321
94.67206897689152,62.351509585621386
112.81039902499211,73.63758161555064
99.34424932017899,65.2586440214447
106.46889857296183,69.69175911206514
95.20409191757686,62.68254608204782
114.07267035563942,74.42299488795341
103.22536938434905,67.67356317248385
92.39478623871113,60.93453365964248
88.93848616938126,58.78394694983723
