Method 1,Method 2,Pearson r,p-value,MAE,RMSE
Direct_Conv,Direct_Spline,0.08500258222562036,0.8037554329634966,0.07272727272727311,0.10514059850764387
