Method 1,Method 2,Pearson r,p-value,MAE,RMSE
Direct_Conv,Direct_Spline,-0.41309067624677753,0.08840949196973222,0.10555555555555576,0.13245544324203704
