Method 1,Method 2,Pearson r,p-value,MAE,RMSE
Direct_Conv,Direct_Spline,0.9973552820236503,1.1934334193605298e-19,0.001666666666668309,0.004082482904638301
