Method 1,Method 2,Pearson r,p-value,MAE,RMSE
Direct_Conv,Direct_Spline,0.7464086073770738,2.808491714311618e-05,0.029583333333332334,0.04486089611231526
