Method 1,Method 2,Pearson r,p-value,MAE,RMSE
Direct_Conv,Direct_Spline,0.41730348216311297,0.005968561616378993,0.01738095238095387,0.02807303400231737
