Method 1,Method 2,Pearson r,p-value,MAE,RMSE
Direct_Conv,Direct_Spline,0.995646934265257,1.0529036418615162e-38,0.004210526315789524,0.006488856845229859
