Method 1,Method 2,Pearson r,p-value,MAE,RMSE
Direct_Conv,Direct_Spline,0.25107974365580754,0.02868701479689178,0.03447368421052611,0.050653622512947666
