Method 1,Method 2,Pearson r,p-value,MAE,RMSE
Direct_Conv,Direct_Spline,0.6869361903987095,0.0008206143670555993,0.011999999999999922,0.01843908891458572
