Method 1,Method 2,Pearson r,p-value,MAE,RMSE
Direct_Conv,Direct_Spline,0.38590927999051805,0.011598639601387064,0.039523809523809614,0.053585712381459955
