Method 1,Method 2,Pearson r,p-value,MAE,RMSE
Direct_Conv,Direct_Spline,0.8281391656895758,0.1718608343104242,0.05749999999999833,0.08321658488546448
