Method 1,Method 2,Pearson r,p-value,MAE,RMSE
Direct_Conv,Direct_Spline,0.9965723438849998,1.31870912968561e-06,0.004285714285714829,0.0065465367070798265
