Method 1,Method 2,Pearson r,p-value,MAE,RMSE
Direct_Conv,Direct_Spline,0.24082806637450221,0.07653148317357829,0.047818181818181184,0.06642836196028909
