Parameter,Mean Difference (MD),Standard Deviation (SD),Upper Limit (MD + 1.96*SD),Lower Limit (MD - 1.96*SD)
SBP,-24.37189096487321,6.287985620078055,-12.047439149520223,-36.696342780226196
DBP,-36.728209628772596,3.8511827135053442,-29.17989151030212,-44.27652774724307
