SBP_PPG,DBP_PPG,SBP_PPW,DBP_PPW,SBP_AIx,DBP_AIx
90.2,59.6,91.1,60.300000000000004,104.92810086101501,70.956860516609
88.4,58.2,88.4,58.2,117.228692936874,78.3372157621244
87.49999999999997,57.499999999999986,87.49999999999997,57.499999999999986,123.31103989687253,81.98662393812351
84.79999999999998,55.399999999999984,84.79999999999998,55.399999999999984,113.09672992901335,75.85803795740802
85.69999999999996,56.099999999999966,85.69999999999996,56.099999999999966,108.99492677681687,73.39695606609011
82.09999999999995,53.29999999999997,82.99999999999994,53.99999999999995,103.1400794463548,69.88404766781288
89.30000000000004,58.900000000000034,88.39999999999998,58.19999999999999,113.54250706208958,76.12550423725375
83.00000000000001,54.000000000000014,83.00000000000001,54.000000000000014,100.187014223923,68.1122085343538
88.39999999999998,58.19999999999999,89.29999999999995,58.89999999999997,108.51471616331473,73.10882969798884
