Method 1,Method 2,Pearson r,p-value,MAE,RMSE
Direct_Conv,Direct_Spline,0.9933987659738865,1.1778540611190735e-12,0.006428571428571482,0.008017837257372639
