Method 1,Method 2,Pearson r,p-value,MAE,RMSE
Direct_Conv,Direct_Spline,0.7839490111842582,0.00032557480830628,0.0224999999999997,0.046770717334673854
