Parameter,Mean Difference (MD),Standard Deviation (SD),Upper Limit (MD + 1.96*SD),Lower Limit (MD - 1.96*SD)
SBP,-2.7513457140916646,8.990480881950274,14.869996814530873,-20.372688242714204
DBP,5.035992571545006,5.394288529170163,15.608798088718526,-5.536812945628513
