SBP_PPG,DBP_PPG,SBP_PPW,DBP_PPW,SBP_AIx,DBP_AIx
99.20000000000007,66.60000000000005,74.0,47.00000000000001,105.22955494529994,71.13773296717997
88.39999999999998,58.19999999999999,91.99999999999999,60.999999999999986,101.65765829327746,68.99459497596648
74.00000000000013,47.0000000000001,92.00000000000006,61.00000000000005,102.74295728605517,69.64577437163311
81.19999999999997,52.59999999999998,91.99999999999999,60.999999999999986,101.54064976276638,68.92438985765983
99.1999999999999,66.59999999999994,95.6,63.79999999999999,108.19788992903938,72.91873395742363
91.99999999999974,60.9999999999998,95.6,63.79999999999999,103.36155883968694,70.01693530381216
