SBP_PPG,DBP_PPG,SBP_PPW,DBP_PPW,SBP_AIx,DBP_AIx
110.37184954736051,68.72279450129555,110.37184954736051,68.72279450129555,99.4649497820817,65.33374653107306
