Method 1,Method 2,Pearson r,p-value,MAE,RMSE
Direct_Conv,Direct_Spline,0.08170189968621186,0.6853852389151329,0.07888888888888793,0.10806376718298115
