Method 1,Method 2,Pearson r,p-value,MAE,RMSE
Direct_Conv,Direct_Spline,0.11794180160539326,0.7298167985245775,0.04545454545454509,0.06564366617649324
