Method 1,Method 2,Pearson r,p-value,MAE,RMSE
Direct_Conv,Direct_Spline,0.9732980717234261,2.4184112520679403e-10,0.0037500000000011413,0.006123724356957633
