Parameter,Mean Difference (MD),Standard Deviation (SD),Upper Limit (MD + 1.96*SD),Lower Limit (MD - 1.96*SD)
SBP,14.309106943932228,5.461515224545896,25.013676784042183,3.604537103822272
DBP,38.285364166359344,3.276909134727537,44.708106070425316,31.86262226229337
