Parameter,Mean Difference (MD),Standard Deviation (SD),Upper Limit (MD + 1.96*SD),Lower Limit (MD - 1.96*SD)
SBP,10.65460046681537,1.5799285095466329,13.75126034552677,7.55794058810397
DBP,36.09266028008922,0.947957105727981,37.950656207316065,34.234664352862374
