SBP_PPG,DBP_PPG,SBP_PPW,DBP_PPW,SBP_AIx,DBP_AIx
75.8000000000001,48.40000000000007,74.89999999999995,47.69999999999996,103.88717135361203,70.33230281216721
100.99999999999987,67.9999999999999,74.00000000000013,47.0000000000001,102.77464602995113,69.66478761797067
