Method 1,Method 2,Pearson r,p-value,MAE,RMSE
Direct_Conv,Direct_Spline,0.9946590909665614,3.290669805880434e-14,0.007333333333333533,0.009309493362513065
