Method 1,Method 2,Pearson r,p-value,MAE,RMSE
Direct_Conv,Direct_Spline,0.9858046289406758,7.113599925371696e-10,0.003076923076922738,0.0055470019622516804
