Parameter,Mean Difference (MD),Standard Deviation (SD),Upper Limit (MD + 1.96*SD),Lower Limit (MD - 1.96*SD)
SBP,14.739681947272187,13.962008010065071,42.105217646999726,-12.625853752455354
DBP,12.05378916836331,8.37720480603904,28.47311058819983,-4.365532251473212
