SBP_PPG,DBP_PPG,SBP_PPW,DBP_PPW,SBP_AIx,DBP_AIx
99.24496649539508,66.04833363273114,99.24496649539508,66.04833363273114,98.99470212562433,65.04114798927736
99.98081777023755,66.63629978305016,99.61289213281633,66.34231670789066,96.19075389796602,63.29646909206774
104.39592541929227,70.16409668496416,101.45252031992246,67.81223208368816,99.6233719454754,65.43232032162913
101.45252031992246,67.81223208368816,105.86762796897719,71.34002898560217,94.87123451129486,62.47543480702791
102.18837159476493,68.40019823400718,102.18837159476493,68.40019823400718,95.28373443872069,62.73210142853732
102.18837159476486,68.40019823400712,102.18837159476493,68.40019823400718,137.95861351344172,89.28535951947485
