SBP_PPG,DBP_PPG,SBP_PPW,DBP_PPW,SBP_AIx,DBP_AIx
95.60000000000015,63.80000000000011,88.39999999999998,58.19999999999999,103.362687019028,70.0176122114168
99.1999999999999,66.59999999999994,81.19999999999997,52.59999999999998,102.18681464353244,69.31208878611946
74.00000000000013,47.0000000000001,99.19999999999999,66.6,103.01604568138498,69.80962740883099
92.00000000000006,61.00000000000005,88.39999999999998,58.19999999999999,100.66540356770724,68.39924214062435
92.00000000000006,61.00000000000005,77.60000000000005,49.80000000000004,105.64045963053921,71.38427577832353
84.7999999999999,55.39999999999992,74.00000000000006,47.000000000000036,102.90644687670348,69.7438681260221
77.60000000000005,49.80000000000004,84.7999999999999,55.39999999999992,104.2930971361763,70.57585828170579
88.39999999999982,58.19999999999986,81.19999999999997,52.59999999999998,102.60479309550739,69.56287585730443
