SBP_PPG,DBP_PPG,SBP_PPW,DBP_PPW,SBP_AIx,DBP_AIx
83.9,54.699999999999996,83.9,54.699999999999996,100.73591119940804,68.44154671964483
85.69999999999996,56.099999999999966,85.69999999999996,56.099999999999966,106.76112028253931,72.0566721695236
86.60000000000002,56.80000000000001,85.70000000000005,56.10000000000003,101.67888500630157,69.00733100378093
100.10000000000005,67.30000000000004,90.19999999999995,59.59999999999995,128.75250468174843,85.25150280904906
90.19999999999995,59.59999999999995,82.99999999999994,53.99999999999995,106.89375813713248,72.13625488227949
