Estimated_SBP_AIx_Red,Estimated_DBP_AIx_Red
97.67197977135503,66.60318786281302
99.46625371151721,67.67975222691032
92.67849168046274,63.607095008277646
96.42931847756651,65.85759108653991
104.24525064557882,70.5471503873473
114.68344241236059,76.81006544741635
87.71522883523407,60.629137301140446
102.87480435498799,69.72488261299279
101.26748587235525,68.76049152341315
88.41395667089651,61.04837400253791
