Estimated_SBP_AIx_Red,Estimated_DBP_AIx_Red
95.23634368466543,62.70261384823626
97.59306678517318,64.16901933299664
98.45773777417374,64.70703683726366
92.9684036156125,61.291451138603335
94.02075455007571,61.94624727560266
96.17731499286008,63.28810710666849
85.1001155870734,56.39562747640123
109.5584053382337,71.61411887712319
99.6842648933345,65.47020926696369
94.10540552344517,61.99891899236588
88.86120583802162,58.73586141032456
