Method 1,Method 2,Pearson r,p-value,MAE,RMSE
Direct_Conv,Direct_Spline,0.3884008814485302,0.4466948328354526,0.03500000000000029,0.059019770698752624
