Method 1,Method 2,Pearson r,p-value,MAE,RMSE
Direct_Conv,Direct_Spline,0.7798726361170282,0.11980032621237542,0.040000000000000216,0.06099180272790807
