,Pearson r,p-value
SBP_PPG vs SBP_PPW,0.26611314641346173,0.31914189825207984
SBP_PPG vs SBP_AIx,-0.023819481605549225,0.9302257765742832
SBP_PPW vs SBP_AIx,0.019691913967036553,0.9422959153145671
DBP_PPG vs DBP_PPW,0.26611314641346184,0.31914189825207945
DBP_PPG vs DBP_AIx,-0.023819481605548226,0.9302257765742865
DBP_PPW vs DBP_AIx,0.019691913967036373,0.942295915314568
