Parameter,Mean Difference (MD),Standard Deviation (SD),Upper Limit (MD + 1.96*SD),Lower Limit (MD - 1.96*SD)
SBP,-1.1061271215321762,1.996108058164153,2.8062446724695636,-5.018498915533916
DBP,6.757723727080692,1.1976648348984928,9.105146803481738,4.4103006506796465
