Method 1,Method 2,Pearson r,p-value,MAE,RMSE
Direct_Conv,Direct_Spline,-0.0066854287012142605,0.9803959493285734,0.03187500000000021,0.037996710383926664
