Method 1,Method 2,Pearson r,p-value,MAE,RMSE
Direct_Conv,Direct_Spline,0.9727356656794035,3.174601537187587e-12,0.003684210526316646,0.006069769786669018
