Method 1,Method 2,Pearson r,p-value,MAE,RMSE
Direct_Conv,Direct_Spline,0.48049382612053315,0.027471991713760704,0.011904761904761398,0.017320508075687673
