Method 1,Method 2,Pearson r,p-value,MAE,RMSE
Direct_Conv,Direct_Spline,0.9987144158547812,1.8389420645037308e-23,0.006842105263158216,0.008271701918685275
