Parameter,Mean Difference (MD),Standard Deviation (SD),Upper Limit (MD + 1.96*SD),Lower Limit (MD - 1.96*SD)
SBP,-29.457189186316054,1.3620206290154617,-26.78762875344575,-32.126749619186356
DBP,-20.563213511789627,0.8172123774092764,-18.961477252067446,-22.164949771511807
