Parameter,Mean Difference (MD),Standard Deviation (SD),Upper Limit (MD + 1.96*SD),Lower Limit (MD - 1.96*SD)
SBP,-30.438884318654672,1.1633714397596584,-28.15867629672574,-32.7190923405836
DBP,-21.152230591192797,0.6980228638557944,-19.78410577803544,-22.520355404350155
