SBP_PPG,DBP_PPG,SBP_PPW,DBP_PPW,SBP_AIx,DBP_AIx
95.6000000000003,63.80000000000024,74.0,47.0,103.4311400297107,70.05868401782642
