Method 1,Method 2,Pearson r,p-value,MAE,RMSE
Direct_Conv,Direct_Spline,0.9755341349936163,5.846458882659947e-14,0.001428571428572667,0.0037796447300924153
