Method 1,Method 2,Pearson r,p-value,MAE,RMSE
Direct_Conv,Direct_Spline,0.9416563207142584,1.9721083180793055e-10,0.005238095238096057,0.007237468644557889
