Method 1,Method 2,Pearson r,p-value,MAE,RMSE
Direct_Conv,Direct_Spline,0.9656342570875801,2.320563611534524e-14,0.0033333333333337802,0.0057735026918947245
