,Pearson r,p-value
SBP_PPG vs SBP_PPW,0.9518172686249523,0.003426433477322699
SBP_PPG vs SBP_AIx,0.18262256488676964,0.7291114753607202
SBP_PPW vs SBP_AIx,0.2427462501431757,0.6430326262339106
DBP_PPG vs DBP_PPW,0.9518172686249522,0.003426433477322699
DBP_PPG vs DBP_AIx,0.18262256488677112,0.7291114753607177
DBP_PPW vs DBP_AIx,0.24274625014317733,0.6430326262339081
