,Pearson r,p-value
SBP_PPG vs SBP_PPW,0.031278376354796474,0.9154663579326683
SBP_PPG vs SBP_AIx,0.23959435125141634,0.40936158257465155
SBP_PPW vs SBP_AIx,0.18269508874171295,0.5318747086671376
DBP_PPG vs DBP_PPW,0.0312783763547965,0.9154663579326683
DBP_PPG vs DBP_AIx,0.23959435125141637,0.40936158257465155
DBP_PPW vs DBP_AIx,0.1826950887417131,0.5318747086671372
