Parameter,Mean Difference (MD),Standard Deviation (SD),Upper Limit (MD + 1.96*SD),Lower Limit (MD - 1.96*SD)
SBP,-19.861460954755906,7.432262764068255,-5.2942259371821265,-34.428695972329685
DBP,-19.56777657285354,4.459357658440954,-10.827435562309269,-28.30811758339781
