SBP_PPG,DBP_PPG,SBP_PPW,DBP_PPW,SBP_AIx,DBP_AIx
96.5,64.5,95.6,63.79999999999999,107.4007744288677,72.44046465732062
95.6,63.79999999999999,95.6,63.79999999999999,99.63113699759619,67.77868219855772
86.60000000000002,56.80000000000001,86.60000000000002,56.80000000000001,105.72438145032336,71.43462887019402
90.2000000000001,59.60000000000008,91.10000000000008,60.30000000000007,103.7234253412136,70.23405520472816
92.00000000000006,61.00000000000005,88.39999999999998,58.19999999999999,123.55633238182337,82.13379942909403
88.39999999999998,58.19999999999999,88.39999999999998,58.19999999999999,110.94194896820814,74.56516938092489
87.5,57.5,87.5,57.5,115.63077374867638,77.37846424920583
