Method 1,Method 2,Pearson r,p-value,MAE,RMSE
Direct_Conv,Direct_Spline,-0.052035492453002236,0.8538783998600328,0.05533333333333325,0.0932022889561546
