Method 1,Method 2,Pearson r,p-value,MAE,RMSE
Direct_Conv,Direct_Spline,-0.3340620352402307,0.26461503567272143,0.0630769230769231,0.09181922037770322
