Method 1,Method 2,Pearson r,p-value,MAE,RMSE
Direct_Conv,Direct_Spline,0.5908397035470077,0.0018717599442526923,0.012400000000000234,0.020099751242241528
