SBP_PPG,DBP_PPG,SBP_PPW,DBP_PPW,SBP_AIx,DBP_AIx
108.00000000000003,71.00000000000003,108.00000000000003,71.00000000000003,107.50997006633897,72.50598203980338
108.00000000000026,71.0000000000002,88.00000000000006,56.00000000000004,101.26444324743878,68.75866594846326
107.99999999999955,70.99999999999966,108.00000000000009,71.00000000000006,97.83096415277875,66.69857849166725
91.99999999999989,58.999999999999915,83.99999999999997,52.99999999999997,105.91992521813245,71.55195513087946
